City,LAT,LON,Area,Type,Name,Artists,Address,City2,State,Zip,Year,Participant,desc1,desc2,url,partner,funder,LAT,LON
Shelbyville,38.23696465000,-85.23774751570,Visual Art Education,CFAC,CFAC @ Shelby County West Middle School,Jackie Connelly,100 Warriors Way,Shelbyville,Kentucky,40365,2015,22,placeholder 1,placeholder 1,placeholder 2,,,38.23696465000,-85.23774751570
Shelbyville,38.23696465000,-85.23774751570,Visual Art Education,CFAC,CFAC @ Shelby County West Middle School,Jackie Connelly,100 Warriors Way,Shelbyville,Kentucky,40365,2016,22,placeholder 2,placeholder 2,placeholder 3,,,38.23696465000,-85.23774751570
Louisville,38.22197055000,-85.75761538280,Visual Art Education,CFAC,CFAC @ DuPont Manual High school,Liesl Long,120 W. Lee St.,Louisville,Kentucky,40208,2015,30,placeholder 3,placeholder 3,placeholder 4,,,38.22197055000,-85.75761538280
Louisville,38.22197055000,-85.75761538280,Visual Art Education,CFAC,CFAC @ DuPont Manual High school,Liesl Long,120 W. Lee St.,Louisville,Kentucky,40208,2016,30,placeholder 4,placeholder 4,placeholder 5,,,38.22197055000,-85.75761538280
Louisville,38.23809515000,-85.52408748650,Visual Art Education,CFAC,CFAC @ Hite Elementary School (Thursday),Ann Sturdevant,12408 Old Shelbyville Rd,Louisville,Kentucky,40243,2015,29,placeholder 5,placeholder 5,placeholder 6,,,38.23809515000,-85.52408748650
Louisville,38.23809515000,-85.52408748650,Visual Art Education,CFAC,CFAC @ Hite Elementary School (Wednesday),Ann Sturdevant,12408 Old Shelbyville Rd,Louisville,Kentucky,40243,2015,31,placeholder 6,placeholder 6,placeholder 7,,,38.23809515000,-85.52408748650
Louisville,38.23809515000,-85.52408748650,Visual Art Education,CFAC,CFAC @ Hite Elementary School (Thursday),Ann Sturdevant,12408 Old Shelbyville Rd,Louisville,Kentucky,40243,2016,29,placeholder 7,placeholder 7,placeholder 8,,,38.23809515000,-85.52408748650
Louisville,38.23809515000,-85.52408748650,Visual Art Education,CFAC,CFAC @ Hite Elementary School (Wednesday),Ann Sturdevant,12408 Old Shelbyville Rd,Louisville,Kentucky,40243,2016,31,placeholder 8,placeholder 8,placeholder 9,,,38.23809515000,-85.52408748650
Goshen,38.40104700000,-85.58467300000,Visual Art Education,CFAC,CFAC @ Creasy Mahan Nature Preserve,Jean Smith,12501 Harmony Landing Rd,Goshen,Kentucky,40026,2015,26,placeholder 9,placeholder 9,placeholder 10,,,38.40104700000,-85.58467300000
Goshen,38.40104700000,-85.58467300000,Visual Art Education,CFAC,CFAC @ Creasy Mahan Nature Preserve,Jean Smith,12501 Harmony Landing Rd,Goshen,Kentucky,40026,2016,26,placeholder 10,placeholder 10,placeholder 11,,,38.40104700000,-85.58467300000
New Albany,38.31475552920,-85.79997866820,Visual Art Education,CFAC,CFAC @ Slate Run Elementary School,Melody Woolsey,1452 Slate Run Road,New Albany,Indiana,47150,2015,7,placeholder 11,placeholder 11,placeholder 12,,,38.31475552920,-85.79997866820
New Albany,38.31475552920,-85.79997866820,Visual Art Education,CFAC,CFAC @ Slate Run Elementary School,Melody Woolsey,1452 Slate Run Road,New Albany,Indiana,47150,2016,7,placeholder 12,placeholder 12,placeholder 13,,,38.31475552920,-85.79997866820
Louisville,38.25281450000,-85.70698190000,Visual Art Education,CFAC,CFAC @ Clifton Center (Tuesday),Rick Ward,2117 Payne St.,Louisville,Kentucky,40206,2015,25,placeholder 13,placeholder 13,placeholder 14,,,38.25281450000,-85.70698190000
Louisville,38.25281450000,-85.70698190000,Visual Art Education,CFAC,CFAC @ Clifton Center (Saturday),Janet Britt,2117 Payne St.,Louisville,Kentucky,40206,2015,30,placeholder 14,placeholder 14,placeholder 15,,,38.25281450000,-85.70698190000
Louisville,38.25281450000,-85.70698190000,Visual Art Education,CFAC,CFAC @ Clifton Center (Wednesday),Janet Britt,2117 Payne St.,Louisville,Kentucky,40206,2015,30,placeholder 15,placeholder 15,placeholder 16,,,38.25281450000,-85.70698190000
Louisville,38.25281450000,-85.70698190000,Visual Art Education,CFAC,CFAC @ Clifton Center (Saturday),Liesl Long,2117 Payne St.,Louisville,Kentucky,40206,2015,30,placeholder 16,placeholder 16,placeholder 17,,,38.25281450000,-85.70698190000
Louisville,38.25281450000,-85.70698190000,Visual Art Education,CFAC,Introduction to Digital Photography LVA @ Clifton Center,Clair Krueger,2117 Payne St.,Louisville,Kentucky,40206,2015,12,placeholder 17,placeholder 17,placeholder 18,,,38.25281450000,-85.70698190000
Louisville,38.25281450000,-85.70698190000,Visual Art Education,The Academy,Drawing - Painting 1 LVA @ Clifton Center,Dennis Whitehouse,2117 Payne St.,Louisville,Kentucky,40206,2015,19,placeholder 18,placeholder 18,placeholder 19,,,38.25281450000,-85.70698190000
Louisville,38.25281450000,-85.70698190000,Visual Art Education,The Academy,Sculpture 1 LVA @ Clifton Center,Collin Lloyd,2117 Payne St.,Louisville,Kentucky,40206,2015,3,placeholder 19,placeholder 19,placeholder 20,,,38.25281450000,-85.70698190000
Louisville,38.25281450000,-85.70698190000,Visual Art Education,The Academy,Video 1 LVA @ Cllifton Center,,2117 Payne St.,Louisville,Kentucky,40206,2015,3,placeholder 20,placeholder 20,placeholder 21,,,38.25281450000,-85.70698190000
Louisville,38.25281450000,-85.70698190000,Visual Art Education,The Academy,Photography 1 LVA @ Clifton Center,Sarah Davis,2117 Payne St.,Louisville,Kentucky,40206,2015,4,placeholder 21,placeholder 21,placeholder 22,,,38.25281450000,-85.70698190000
Louisville,38.25281450000,-85.70698190000,Visual Art Education,The Academy,Experimental 3D Art LVA @ Clifton Center,Collin Lloyd,2117 Payne St.,Louisville,Kentucky,40206,2015,3,placeholder 22,placeholder 22,placeholder 23,,,38.25281450000,-85.70698190000
Louisville,38.25281450000,-85.70698190000,Visual Art Education,The Academy,Digital Illustration 1 LVA @ Clifton Center,Carrie Neumayer,2117 Payne St.,Louisville,Kentucky,40206,2015,8,placeholder 23,placeholder 23,placeholder 24,,,38.25281450000,-85.70698190000
Louisville,38.25281450000,-85.70698190000,Visual Art Education,The Academy,Developing Concepts 1 LVA @ Clifton Center,Sunny Ra,2117 Payne St.,Louisville,Kentucky,40206,2015,6,placeholder 24,placeholder 24,placeholder 25,,,38.25281450000,-85.70698190000
Louisville,38.25281450000,-85.70698190000,Visual Art Education,The Academy,Developing Concepts 2 LVA @ Clifton Center,Alexia Serpentini,2117 Payne St.,Louisville,Kentucky,40206,2015,4,placeholder 25,placeholder 25,placeholder 26,,,38.25281450000,-85.70698190000
Louisville,38.25281450000,-85.70698190000,Visual Art Education,Summer Camps,Summer Camps with LVA,Janet Britt Annette Cable Sunny Ra Collin Lloyd Beth Givens Angela Ress,2117 Payne St.,Louisville,Kentucky,40206,2015,90,placeholder 26,placeholder 26,placeholder 27,,,38.25281450000,-85.70698190000
Louisville,38.25281450000,-85.70698190000,Visual Art Education,CFAC,CFAC @ Clifton Center (Tuesday),Rick Ward,2117 Payne St.,Louisville,Kentucky,40206,2016,25,placeholder 27,placeholder 27,placeholder 28,,,38.25281450000,-85.70698190000
Louisville,38.25281450000,-85.70698190000,Visual Art Education,CFAC,CFAC @ Clifton Center (Saturday),Janet Britt,2117 Payne St.,Louisville,Kentucky,40206,2016,30,placeholder 28,placeholder 28,placeholder 29,,,38.25281450000,-85.70698190000
Louisville,38.25281450000,-85.70698190000,Visual Art Education,CFAC,CFAC @ Clifton Center (Wednesday),Janet Britt,2117 Payne St.,Louisville,Kentucky,40206,2016,30,placeholder 29,placeholder 29,placeholder 30,,,38.25281450000,-85.70698190000
Louisville,38.25281450000,-85.70698190000,Visual Art Education,CFAC,CFAC @ Clifton Center (Saturday),Liesl Long,2117 Payne St.,Louisville,Kentucky,40206,2016,30,placeholder 30,placeholder 30,placeholder 31,,,38.25281450000,-85.70698190000
Louisville,38.25281450000,-85.70698190000,Visual Art Education,CFAC,Introduction to Digital Photography LVA @ Clifton Center,Clair Krueger,2117 Payne St.,Louisville,Kentucky,40206,2016,12,placeholder 31,placeholder 31,placeholder 32,,,38.25281450000,-85.70698190000
Louisville,38.25281450000,-85.70698190000,Visual Art Education,The Acadamy,Drawing - Painting 1 LVA @ Clifton Center,Dennis Whitehouse,2117 Payne St.,Louisville,Kentucky,40206,2016,19,placeholder 32,placeholder 32,placeholder 33,,,38.25281450000,-85.70698190000
Louisville,38.25281450000,-85.70698190000,Visual Art Education,The Acadamy,Sculpture 1 LVA @ Clifton Center,Collin Lloyd,2117 Payne St.,Louisville,Kentucky,40206,2016,3,placeholder 33,placeholder 33,placeholder 34,,,38.25281450000,-85.70698190000
Louisville,38.25281450000,-85.70698190000,Visual Art Education,The Acadamy,Video 1 LVA @ Cllifton Center,,2117 Payne St.,Louisville,Kentucky,40206,2016,3,placeholder 34,placeholder 34,placeholder 35,,,38.25281450000,-85.70698190000
Louisville,38.25281450000,-85.70698190000,Visual Art Education,The Acadamy,Photography 1 LVA @ Clifton Center,Sarah Davis,2117 Payne St.,Louisville,Kentucky,40206,2016,4,placeholder 35,placeholder 35,placeholder 36,,,38.25281450000,-85.70698190000
Louisville,38.25281450000,-85.70698190000,Visual Art Education,The Acadamy,Experimental 3D Art LVA @ Clifton Center,Collin Lloyd,2117 Payne St.,Louisville,Kentucky,40206,2016,3,placeholder 36,placeholder 36,placeholder 37,,,38.25281450000,-85.70698190000
Louisville,38.25281450000,-85.70698190000,Visual Art Education,The Acadamy,Digital Illustration 1 LVA @ Clifton Center,Carrie Neumayer,2117 Payne St.,Louisville,Kentucky,40206,2016,8,placeholder 37,placeholder 37,placeholder 38,,,38.25281450000,-85.70698190000
Louisville,38.25281450000,-85.70698190000,Visual Art Education,The Acadamy,Developing Concepts 1 LVA @ Clifton Center,Sunny Ra,2117 Payne St.,Louisville,Kentucky,40206,2016,6,placeholder 38,placeholder 38,placeholder 39,,,38.25281450000,-85.70698190000
Louisville,38.25281450000,-85.70698190000,Visual Art Education,The Acadamy,Developing Concepts 2 LVA @ Clifton Center,Alexia Serpentini,2117 Payne St.,Louisville,Kentucky,40206,2016,4,placeholder 39,placeholder 39,placeholder 40,,,38.25281450000,-85.70698190000
Louisville,38.25281450000,-85.70698190000,Visual Art Education,Summer Camps,Summer Camps with LVA,Janet Britt Annette Cable Sunny Ra Collin Lloyd Beth Givens Angela Ress,2117 Payne St.,Louisville,Kentucky,40206,2016,90,placeholder 40,placeholder 40,placeholder 41,,,38.25281450000,-85.70698190000
Louisville,38.26062600000,-85.78662990000,Visual Art Education,CFAC,CFAC @ Western Middle School,Amanda Thompson,2201 West Main St.,Louisville,Kentucky,40212,2015,27,placeholder 41,placeholder 41,placeholder 42,,,38.26062600000,-85.78662990000
Louisville,38.26062600000,-85.78662990000,Visual Art Education,CFAC,CFAC @ Western Middle School,Amanda Thompson,2201 West Main St.,Louisville,Kentucky,40212,2016,27,placeholder 42,placeholder 42,placeholder 43,,,38.26062600000,-85.78662990000
Louisville,38.23014060000,-85.68594052550,Visual Art Education,CFAC,CFAC @ Douglass Boulevard Community Center,Annette Cable,2305 Douglass Boulevard,Louisville,Kentucky,40205,2015,29,placeholder 43,placeholder 43,placeholder 44,,,38.23014060000,-85.68594052550
Louisville,38.23014060000,-85.68594052550,Visual Art Education,CFAC,CFAC @ Douglass Boulevard Community Center,Annette Cable,2305 Douglass Boulevard,Louisville,Kentucky,40205,2016,29,placeholder 44,placeholder 44,placeholder 45,,,38.23014060000,-85.68594052550
Louisville,38.23545605000,-85.79550100750,Visual Art Education,CFAC,CFAC @ Johnson Traditional Middle School,Brittany Gofney,2509 Wilson Avenue,Louisville,Kentucky,40210,2015,19,placeholder 45,placeholder 45,placeholder 46,,,38.23545605000,-85.79550100750
Louisville,38.23545605000,-85.79550100750,Visual Art Education,CFAC,CFAC @ Johnson Traditional Middle School,Brittany Gofney,2509 Wilson Avenue,Louisville,Kentucky,40210,2016,19,placeholder 46,placeholder 46,placeholder 47,,,38.23545605000,-85.79550100750
Louisville,38.23749175000,-85.79683726600,Visual Art Education,CFAC,CFAC @ Pleasant View Missionary Baptist Church,Wilma Bethel,2600 Virginia Avenue,Louisville,Kentucky,40211,2015,8,placeholder 47,placeholder 47,placeholder 48,,,38.23749175000,-85.79683726600
Louisville,38.23749175000,-85.79683726600,Visual Art Education,CFAC,CFAC @ Pleasant View Missionary Baptist Church,Wilma Bethel,2600 Virginia Avenue,Louisville,Kentucky,40211,2016,8,placeholder 48,placeholder 48,placeholder 49,,,38.23749175000,-85.79683726600
Louisville,38.17221530000,-85.76978107310,Visual Art Education,CFAC,CFAC @ Rutherford Elementary School,Danielle Flener,301 West Southland Boulevard,Louisville,Kentucky,40214,2015,20,placeholder 49,placeholder 49,placeholder 50,,,38.17221530000,-85.76978107310
Louisville,38.17221530000,-85.76978107310,Visual Art Education,CFAC,CFAC @ Rutherford Elementary School,Danielle Flener,301 West Southland Boulevard,Louisville,Kentucky,40214,2016,20,placeholder 50,placeholder 50,placeholder 51,,,38.17221530000,-85.76978107310
Louisville,38.24016770000,-85.55549283270,Visual Art Education,CFAC,CFAC @ Crosby Middle School (Tuesday),Kevin Ashford,303 Gatehouse Lane,Louisville,Kentucky,40243,2015,25,placeholder 51,placeholder 51,placeholder 52,,,38.24016770000,-85.55549283270
Louisville,38.24016770000,-85.55549283270,Visual Art Education,CFAC,CFAC @ Crosby Middle School (Thursday),Wilma Bethel,303 Gatehouse Lane,Louisville,Kentucky,40243,2015,29,placeholder 52,placeholder 52,placeholder 53,,,38.24016770000,-85.55549283270
Louisville,38.24016770000,-85.55549283270,Visual Art Education,CFAC,CFAC @ Crosby Middle School (Tuesday),Kevin Ashford,303 Gatehouse Lane,Louisville,Kentucky,40243,2016,25,placeholder 53,placeholder 53,placeholder 54,,,38.24016770000,-85.55549283270
Louisville,38.24016770000,-85.55549283270,Visual Art Education,CFAC,CFAC @ Crosby Middle School (Thursday),Wilma Bethel,303 Gatehouse Lane,Louisville,Kentucky,40243,2016,29,placeholder 54,placeholder 54,placeholder 55,,,38.24016770000,-85.55549283270
Clarksville,38.29241337280,-85.76019486960,Visual Art Education,CFAC,CFAC @ St. Anthony of Padua School,Janice Roehm,320 N. Sherwood Avenue,Clarksville,Indiana,47129,2015,12,placeholder 55,placeholder 55,placeholder 56,,,38.29241337280,-85.76019486960
Clarksville,38.29241337280,-85.76019486960,Visual Art Education,CFAC,CFAC @ St. Anthony of Padua School,Janice Roehm,320 N. Sherwood Avenue,Clarksville,Indiana,47129,2016,12,placeholder 56,placeholder 56,placeholder 57,,,38.29241337280,-85.76019486960
Louisville,38.18433370000,-85.85774572530,Visual Art Education,CFAC,CFAC @ Farnsely Middle School,John Muench,3400 Lees Ln,Louisville,Kentucky,40216,2015,8,placeholder 57,placeholder 57,placeholder 58,,,38.18433370000,-85.85774572530
Louisville,38.18433370000,-85.85774572530,Visual Art Education,CFAC,CFAC @ Farnsely Middle School,John Muench,3400 Lees Ln,Louisville,Kentucky,40216,2016,8,placeholder 58,placeholder 58,placeholder 59,,,38.18433370000,-85.85774572530
Louisville,38.27444390000,-85.80326180000,Visual Art Education,CFAC,CFAC @ Portland Elementary School,Anita Fisher,3410 Northwestern Pkwy,Louisville,Kentucky,40212,2015,9,placeholder 59,placeholder 59,placeholder 60,,,38.27444390000,-85.80326180000
Louisville,38.27444390000,-85.80326180000,Visual Art Education,CFAC,CFAC @ Portland Elementary School,Anita Fisher,3410 Northwestern Pkwy,Louisville,Kentucky,40212,2016,9,placeholder 60,placeholder 60,placeholder 61,,,38.27444390000,-85.80326180000
Louisville,38.20797240000,-85.65593000000,Visual Art Education,CFAC,CFAC @ Goldsmith Elementary School,Laurel Lammers,3520 Goldsmith Lane,Louisville,Kentucky,40220,2015,24,placeholder 63,placeholder 61,placeholder 62,,,38.20797240000,-85.65593000000
Louisville,38.20797240000,-85.65593000000,Visual Art Education,CFAC,CFAC @ Goldsmith Elementary School,Laurel Lammers,3520 Goldsmith Lane,Louisville,Kentucky,40220,2016,24,placeholder 64,placeholder 62,placeholder 63,,,38.20797240000,-85.65593000000
Louisville,38.20955475000,-85.82213355940,Visual Art Education,CFAC,CFAC @ Cane Run Elementary,Alyson Thiel,3951 Cane Run Rd,Louisville,Kentucky,40216,2015,13,placeholder 65,placeholder 63,placeholder 64,,,38.20955475000,-85.82213355940
Louisville,38.20955475000,-85.82213355940,Visual Art Education,CFAC,CFAC @ Cane Run Elementary,Alyson Thiel,3951 Cane Run Rd,Louisville,Kentucky,40216,2016,13,placeholder 66,placeholder 64,placeholder 65,,,38.20955475000,-85.82213355940
Louisville,38.20091965000,-85.70191074220,Visual Art Education,CFAC,CFAC @ Allgeier Community Center,Wilma Bethel,4101 Cadillac Ct,Louisville,Kentucky,40213,2015,31,placeholder 67,placeholder 65,placeholder 66,,,38.20091965000,-85.70191074220
Louisville,38.20091965000,-85.70191074220,Visual Art Education,CFAC,CFAC @ Allgeier Community Center,Wilma Bethel,4101 Cadillac Ct,Louisville,Kentucky,40213,2016,31,placeholder 68,placeholder 66,placeholder 67,,,38.20091965000,-85.70191074220
New Albany,38.34806000000,-85.81621200000,Visual Art Education,The Academy,Studio Art LVA @ Indiana University Southeast,Dean Mistler,4201 Grant Line Rd,New Albany,Indiana,47150,2015,14,placeholder 69,placeholder 67,placeholder 68,,,38.34806000000,-85.81621200000
New Albany,38.34551046600,-85.81645649410,Visual Art Education,The Acadamy,Studio Art LVA @ Indiana University Southeast,Dean Mistler,4202 Grant Line Rd,New Albany,Indiana,47150,2016,14,placeholder 70,placeholder 68,placeholder 69,,,38.34551046600,-85.81645649410
New Albany,38.34549069910,-85.81645924120,Visual Art Education,CFAC,CFAC @ Indiana University Southeast,Elizabeth Hertle,4203 Grant Line Rd,New Albany,Indiana,47150,2015,30,placeholder 71,placeholder 69,placeholder 70,,,38.34549069910,-85.81645924120
New Albany,38.34547093210,-85.81646198830,Visual Art Education,CFAC,CFAC @ Indiana University Southeast,Elizabeth Hertle,4204 Grant Line Rd,New Albany,Indiana,47150,2016,30,placeholder 72,placeholder 70,placeholder 71,,,38.34547093210,-85.81646198830
Louisville,38.30727405000,-85.53477938340,Visual Art Education,CFAC,CFAC @ Chancey Elementary School,Angela Diehlman,4301 Murphy Ln,Louisville,Kentucky,40241,2015,15,placeholder 73,placeholder 71,placeholder 72,,,38.30727405000,-85.53477938340
Louisville,38.30727405000,-85.53477938340,Visual Art Education,CFAC,CFAC @ Chancey Elementary School,Angela Diehlman,4301 Murphy Ln,Louisville,Kentucky,40241,2016,15,placeholder 74,placeholder 72,placeholder 73,,,38.30727405000,-85.53477938340
Louisville,38.22448130000,-85.76417659200,Visual Art Education,CFAC,CFAC @ Cochran Elementary School,Annette Cable,500 W. Gaulbert Ave,Louisville,Kentucky,40208,2015,22,placeholder 77,placeholder 73,placeholder 74,,,38.22448130000,-85.76417659200
Louisville,38.22448130000,-85.76417659200,Visual Art Education,CFAC,CFAC @ Cochran Elementary School,Annette Cable,500 W. Gaulbert Ave,Louisville,Kentucky,40208,2016,22,placeholder 78,placeholder 74,placeholder 75,,,38.22448130000,-85.76417659200
Louisville,38.17699220000,-85.66596177680,Visual Art Education,CFAC,CFAC @ Price Elementary School,Emily Jarboe,5001 Garden Green Way,Louisville,Kentucky,40218,2015,15,placeholder 79,placeholder 75,placeholder 76,,,38.17699220000,-85.66596177680
Louisville,38.17699220000,-85.66596177680,Visual Art Education,CFAC,CFAC @ Price Elementary School,Emily Jarboe,5001 Garden Green Way,Louisville,Kentucky,40218,2016,15,placeholder 80,placeholder 76,placeholder 77,,,38.17699220000,-85.66596177680
Louisville,38.13751180000,-85.85504734390,Visual Art Education,CFAC,CFAC @ Eisenhower Elementary School,Jennifer Yankey,5300 Jessamine Lane,Louisville,Kentucky,40205,2015,25,placeholder 81,placeholder 77,placeholder 78,,,38.13751180000,-85.85504734390
Louisville,38.13751180000,-85.85504734390,Visual Art Education,CFAC,CFAC @Eisenhower Elementary School,Jennifer Yankey,5300 Jessamine Lane,Louisville,Kentucky,40205,2016,25,placeholder 82,placeholder 78,placeholder 79,,,38.13751180000,-85.85504734390
Louisville,38.23354950000,-85.74554720220,Visual Art Education,CFAC,CFAC @ Shelby Park Community Center,Amanda Thompson,600 E. Oak Street,Louisville,Kentucky,40203,2015,27,placeholder 83,placeholder 79,placeholder 80,,,38.23354950000,-85.74554720220
Louisville,38.23354950000,-85.74554720220,Visual Art Education,CFAC,CFAC @ Shelby Park Community Center,Amanda Thompson,600 E. Oak Street,Louisville,Kentucky,40203,2016,27,placeholder 84,placeholder 80,placeholder 81,,,38.23354950000,-85.74554720220
Louisville,38.28316345000,-85.62470026890,Visual Art Education,The Academy,Painting 2 @ Ballard High School,Dennis Whitehouse,6000 Brownsboro Rd.,Louisville,Kentucky,40222,2015,13,placeholder 85,placeholder 81,placeholder 82,,,38.28316345000,-85.62470026890
Louisville,38.28316345000,-85.62470026890,Visual Art Education,The Acadamy,Painting 2 @ Ballard High School,Dennis Whitehouse,6000 Brownsboro Rd.,Louisville,Kentucky,40222,2016,13,placeholder 86,placeholder 82,placeholder 83,,,38.28316345000,-85.62470026890
Crestwood,38.32058500000,-85.47729290000,Visual Art Education,CFAC,CFAC @ South Oldham Middle School,Kari Haan,6403 KY-146,Crestwood,Kentucky,40026,2015,14,placeholder 87,placeholder 83,placeholder 84,,,38.32058500000,-85.47729290000
Crestwood,38.32058500000,-85.47729290000,Visual Art Education,CFAC,CFAC @ South Oldham Middle School,Kari Haan,6403 KY-146,Crestwood,Kentucky,40026,2016,14,placeholder 88,placeholder 84,placeholder 85,,,38.32058500000,-85.47729290000
Louisville,38.28389050000,-85.61933715890,Visual Art Education,CFAC,CFAC @ Kammerer Middle School,Ann Sturdevant,7315 Wesboro Road,Louisville,Kentucky,40222,2015,29,placeholder 89,placeholder 85,placeholder 86,,,38.28389050000,-85.61933715890
Louisville,38.28389050000,-85.61933715890,Visual Art Education,CFAC,CFAC @ Kammerer Middle School,Ann Sturdevant,7315 Wesboro Road,Louisville,Kentucky,40222,2016,29,placeholder 90,placeholder 86,placeholder 87,,,38.28389050000,-85.61933715890
Louisville,38.24136760000,-85.74670206170,Visual Art Education,CFAC,CFAC @ Meyzeek Middle School,Wiliam Duffy,828 South Jackson Street,Louisville,Kentucky,40203,2015,23,placeholder 91,placeholder 87,placeholder 88,,,38.24136760000,-85.74670206170
Louisville,38.24136760000,-85.74670206170,Visual Art Education,CFAC,CFAC @ Meyzeek Middle School,Wiliam Duffy,828 South Jackson Street,Louisville,Kentucky,40203,2016,23,placeholder 92,placeholder 88,placeholder 89,,,38.24136760000,-85.74670206170
Louisville,38.24151950000,-85.75882220350,Visual Art Education,The Academy,Studio Art LVA @ Spalding University,Rudy Salgado,901 4th Street,Louisville,Kentucky,40203,2015,4,placeholder 95,placeholder 89,placeholder 90,,,38.24151950000,-85.75882220350
Louisville,38.24151950000,-85.75882220350,Visual Art Education,The Academy,Printmaking 1 @ Spalding University,Rudy Salgado,901 4th Street,Louisville,Kentucky,40203,2015,13,placeholder 96,placeholder 90,placeholder 91,,,38.24151950000,-85.75882220350
Louisville,38.24151950000,-85.75882220350,Visual Art Education,The Acadamy,Studio Art LVA @Spalding University,Rudy Salgado,901 4th Street,Louisville,Kentucky,40203,2016,4,placeholder 97,placeholder 91,placeholder 92,,,38.24151950000,-85.75882220350
Louisville,38.24151950000,-85.75882220350,Visual Art Education,The Acadamy,Printmaking 1 @ Spalding University,Rudy Salgado,901 4th Street,Louisville,Kentucky,40203,2016,13,placeholder 98,placeholder 92,placeholder 93,,,38.24151950000,-85.75882220350
New Albany,38.29023582290,-85.83833472840,Visual Art Education,CFAC,CFAC @ Scribner Middle School,Dean Mistler,917 Valley View Rd,New Albany,Indiana,47150,2015,26,placeholder 99,placeholder 93,placeholder 94,,,38.29023582290,-85.83833472840
New Albany,38.29013027420,-85.83799551010,Visual Art Education,CFAC,CFAC @ Scribner Middle School,Dean Mistler,918 Valley View Rd,New Albany,Indiana,47150,2016,26,placeholder 100,placeholder 94,placeholder 95,,,38.29013027420,-85.83799551010
Louisville,38.15625785000,-85.59260046700,Visual Art Education,The Academy,Studio Art LVA @ Fern Creek High School,Sarah Balbach,9115 Fern Creek Road,Louisville,Kentucky,40291,2015,3,placeholder 101,placeholder 95,placeholder 96,,,38.15625785000,-85.59260046700
Louisville,38.15625785000,-85.59260046700,Visual Art Education,The Acadamy,Studio Art LVA @Fern Creek High School,Sarah Balbach,9115 Fern Creek Road,Louisville,Kentucky,40291,2016,3,placeholder 102,placeholder 96,placeholder 97,,,38.15625785000,-85.59260046700
Goshen,38.39502600000,-85.58797200000,Visual Art Education,CFAC,CFAC @ North Oldham Middle School,Jean Smith,1801 KY-1793,Goshen,Kentucky,40026,2015,27,placeholder 103,placeholder 97,placeholder 98,,,38.39502600000,-85.58797200000
Goshen,38.39502600000,-85.58797200000,Visual Art Education,CFAC,CFAC @ North Oldham Middle School,Jean Smith,1801 KY-1793,Goshen,Kentucky,40026,2016,27,placeholder 104,placeholder 98,placeholder 99,,,38.39502600000,-85.58797200000
Louisville,38.21691545000,-85.76037095240,Visual Art Education,The Academy,Drawing 2 @ University of Lousiville,Wilma Bethel,2301 S 3rd St,Louisville,Kentucky,40292,2015,19,placeholder 105,placeholder 99,placeholder 100,,,38.21691545000,-85.76037095240
Louisville,38.21596790000,-85.76247240740,Visual Art Education,The Acadamy,Drawing 2 @ University of Lousiville,Wilma Bethel,2302 S 3rd St,Louisville,Kentucky,40292,2016,19,placeholder 106,placeholder 100,placeholder 101,,,38.21596790000,-85.76247240740
Louisville,38.27444390000,-85.80326180000,Community Outreach,LVA 5x5/ TAG,5x5 @ Portland Elementary,,3410 Northwestern Parkway,Louisville,Kentucky,40212,2015,,placeholder 107,placeholder 101,placeholder 102,,Fund for the Arts,38.27444390000,-85.80326180000
Louisville,38.25377525000,-85.73442974620,Community Outreach,Open Doors Residencies,Stage One Summer Programming w/ CFAC Students @ Lincoln Elem.,Courtland Mead & Jackie Pallesen,930 E Main St,Louisville,Kentucky,40206,2015,,placeholder 108,placeholder 102,placeholder 103,Stage One,Stage One,38.25377525000,-85.73442974620
Louisville,38.25377525000,-85.73442974620,Community Outreach,Open Doors Residencies,Stage One Summer Programming w/ CFAC Students @ Lincoln Elem.,Courtland Mead & Jackie Pallesen,930 E Main St,Louisville,Kentucky,40206,2016,,placeholder 109,placeholder 103,placeholder 104,Stage One,Stage One,38.25377525000,-85.73442974620
Jeffersontown,38.19010370000,-85.55848680000,Community Outreach,Open Doors Residencies,J-Town CC - Summer Camp,Ehren Reed and Sunny Ra,10617 Taylorsville Rd,Jeffersontown,Kentucky,40299,2017,,placeholder 110,placeholder 104,placeholder 105,,J-Town CC,38.19010370000,-85.55848680000
Louisville,38.25183200000,-85.73050510000,Community Outreach,Art for Kosair Kids,Photography Time Machine / Home of the Innocents,,1100 East Market St,Louisville,Kentucky,40206,2016,,placeholder 111,placeholder 105,placeholder 106,Home of the Innocents; Art for Kosair Kids,Home of the Innocents; Art for Kosair Kids,38.25183200000,-85.73050510000
Louisville,38.25183200000,-85.73050510000,Community Outreach,Art for Kosair Kids,Circle of Life Coloring Book / Home of the Innocents,,1100 East Market St,Louisville,Kentucky,40206,2016,,placeholder 112,placeholder 106,placeholder 107,Home of the Innocents; Art for Kosair Kids,Home of the Innocents; Art for Kosair Kids,38.25183200000,-85.73050510000
Louisville,38.25183200000,-85.73050510000,Community Outreach,Art for Kosair Kids,Community Mural / Home of the Innocents,,1100 East Market St,Louisville,Kentucky,40206,2016,,placeholder 113,placeholder 107,placeholder 108,Home of the Innocents; Art for Kosair Kids,Home of the Innocents; Art for Kosair Kids,38.25183200000,-85.73050510000
Louisville,38.25183200000,-85.73050510000,Community Outreach,Art for Kosair Kids,Art Therapy w/ Home of the Innocents and Art for Kosair Kids,,1100 East Market St,Louisville,Kentucky,40206,2016,,placeholder 114,placeholder 108,placeholder 109,Home of the Innocents; Art for Kosair Kids,Home of the Innocents; Art for Kosair Kids,38.25183200000,-85.73050510000
Louisville,38.26832235000,-85.54388825370,Community Outreach,Open Doors Residencies,Uspirtus - Tech and Art Summer Camp,Lori Kelly,11103 Park Road,Louisville,Kentucky,40223,2017,,placeholder 115,placeholder 109,placeholder 110,,Uspirtus,38.26832235000,-85.54388825370
Louisville,38.24703615000,-85.72830100600,Community Outreach,Open Doors Residencies,Dreamtime Ancestors w/ Louisville Youth Orchestra and Walden Theatre,Ehren Reed,1123 Payne St,Louisville,Kentucky,40204,2016,,placeholder 116,placeholder 110,placeholder 111,Louisville Youth Orchestra; Walden Theatre,LYO; Metro EAF,38.24703615000,-85.72830100600
Louisville,38.25417790000,-85.76959016520,Community Outreach,Picture Love,Picture Love @ Baxter CC,,1125 Cedar Ct,Louisville,Kentucky,40203,2016,,placeholder 117,placeholder 111,placeholder 112,,Metro Parks,38.25417790000,-85.76959016520
Louisville,38.26323355000,-85.52415899480,Community Outreach,Picture Love,Picture Love @ Berrytown CC,,1300 Heafer Rd,Louisville,Kentucky,40223,2017,,placeholder 118,placeholder 112,placeholder 113,,Metro Parks,38.26323355000,-85.52415899480
Louisville,38.26323355000,-85.52415899480,Community Outreach,Picture Love,Picture Love @ Berrytown CC - Adults with Developmental Disabilities,,1300 Heafer Rd,Louisville,Kentucky,40223,2017,,placeholder 119,placeholder 113,placeholder 114,,Metro Parks,38.26323355000,-85.52415899480
Louisville,38.23622210000,-85.80207590000,Community Outreach,LVA 5x5/ TAG,5x5 @ Maupin Elementary,,1312 Catalpa St,Louisville,Kentucky,40211,2016,,placeholder 120,placeholder 114,placeholder 115,,Fund for the Arts,38.23622210000,-85.80207590000
Louisville,38.23526990000,-85.71468150000,Community Outreach,Art Buffet,Carmichaels - Eric Carle Workshop,Jackie Pallesen,1313 Bardstown Road,Louisville,Kentucky,40204,2015,,placeholder 121,placeholder 115,placeholder 116,,Metro EAF,38.23526990000,-85.71468150000
Louisville,38.18046915000,-85.78568674440,Community Outreach,LVA 5x5/ TAG,5x5 @ Hazlewood Elementary,,1325 Bluegrass Ave,Louisville,Kentucky,40215,2016,,placeholder 122,placeholder 116,placeholder 117,,Fund for the Arts,38.18046915000,-85.78568674440
Louisville,38.24955760000,-85.72414297560,Community Outreach,LVA 5x5/ TAG,5x5 @ Breckenridge Franklin,,1351 Payne St,Louisville,Kentucky,40206,2016,,placeholder 123,placeholder 117,placeholder 118,,Alltrade; Fund for the Arts,38.24955760000,-85.72414297560
Louisville,38.06352120000,-85.71767076630,Community Outreach,LVA 5x5/ TAG,5x5 @ Brooks Elementary,,1430 Brooks Hill Road Brooks,Louisville,Kentucky,40109,2016,,placeholder 124,placeholder 118,placeholder 119,,Fund for the Arts,38.06352120000,-85.71767076630
Buckner,38.38127600000,-85.42952390000,Community Outreach,LVA 5x5/ TAG,Teacher Art Grant @ Oldham County High School,,150 KY-393,Buckner,Kentucky,40010,2016,,placeholder 125,placeholder 119,placeholder 120,,Fund for the Arts,38.38127600000,-85.42952390000
Louisville,38.17786545000,-85.80751628960,Community Outreach,LVA 5x5/ TAG,5x5 @ Gutermuth Elementary,,1500 Sanders Ln,Louisville,Kentucky,40216,2016,,placeholder 126,placeholder 120,placeholder 121,,Fund for the Arts,38.17786545000,-85.80751628960
Louisville,38.17786545000,-85.80751628960,Community Outreach,LVA 5x5/ TAG,5x5 @ Gutermuth Elementary,,1500 Sanders Ln,Louisville,Kentucky,40216,2015,,placeholder 127,placeholder 121,placeholder 122,,Fund for the Arts,38.17786545000,-85.80751628960
Louisville,38.23163295000,-85.70733092290,Community Outreach,Community Support,Highlands Commerce Guild - Spirt of the Highlands Mural,Jackie Pallesen,1529 Bardstown Rd,Louisville,Kentucky,40205,2016,,placeholder 128,placeholder 122,placeholder 123,,Metro EAF,38.23163295000,-85.70733092290
Louisville,38.23930715000,-85.78085297810,Community Outreach,School's Out = Art's In,School's Out = Art's In @ California CC- Outdoor Beautification,,1600 W St Catherine St,Louisville,Kentucky,40210,2016,,placeholder 129,placeholder 123,placeholder 124,,Fund for the Arts,38.23930715000,-85.78085297810
Louisville,38.23667225000,-85.71986513890,Community Outreach,LVA 5x5/ TAG,5x5 @ Bloom Elementary,,1627 Lucia Ave,Louisville,Kentucky,40204,2016,,placeholder 130,placeholder 124,placeholder 125,,Alltrade; Fund for the Arts,38.23667225000,-85.71986513890
Louisville,38.23667225000,-85.71986513890,Community Outreach,LVA 5x5/ TAG,5x5 @ Bloom Elementary,,1627 Lucia Ave,Louisville,Kentucky,40204,2015,,placeholder 131,placeholder 125,placeholder 126,,Fund for the Arts,38.23667225000,-85.71986513890
Louisville,38.22462930000,-85.77665428060,Community Outreach,School's Out = Art's In,School's Out = Art's In @ Parkhill CC- Community Banner,,1703 S 13th St,Louisville,Kentucky,40210,2015,,placeholder 132,placeholder 126,placeholder 127,,Fund for the Arts,38.22462930000,-85.77665428060
Louisville,38.22462930000,-85.77665428060,Community Outreach,School's Out = Art's In,School's Out = Art's In @ Parkhill CC- Creature Feature,,1703 S 13th St,Louisville,Kentucky,40210,2017,,placeholder 133,placeholder 127,placeholder 128,,Fund for the Arts,38.22462930000,-85.77665428060
Louisville,38.19807425000,-85.69581015050,Community Outreach,Art Buffet,Yum! FFTA Mural,Clare Gandenberger,1900 Colonel Sanders Lane,Louisville,Kentucky,40213,2016,,placeholder 134,placeholder 128,placeholder 129,Yum!; Fund for the Arts,Fund for the Arts,38.19807425000,-85.69581015050
Louisville,38.19807425000,-85.69581015050,Community Outreach,Art Buffet,Yum! FFTA - Summer Camp Workshop Showcase,Sarah Davis & Ehren Reed,1900 Colonel Sanders Lane,Louisville,Kentucky,40213,2016,,placeholder 135,placeholder 129,placeholder 130,Yum!; Fund for the Arts,Fund for the Arts,38.19807425000,-85.69581015050
Louisville,38.19807425000,-85.69581015050,Community Outreach,Art Buffet,FFTA - Painting,Meredith Cunningham,1900 Colonel Sanders Lane,Louisville,Kentucky,40213,2017,,placeholder 136,placeholder 130,placeholder 131,,Fund for the Arts,38.19807425000,-85.69581015050
Louisville,38.20018855000,-85.68375006220,Community Outreach,Art for Kosair Kids,Exploring the Senses through Art w/ Visually Impaired Preschool Services (VIPS),,1906 Goldsmith Ln,Louisville,Kentucky,40218,2016,,placeholder 137,placeholder 131,placeholder 132,Home of the Innocents; Art for Kosair Kids,Home of the Innocents; Art for Kosair Kids,38.20018855000,-85.68375006220
Louisville,38.22414845000,-85.69448255060,Community Outreach,Community Support,LIBA West/Mentor Program,Jackie Pallesen & Ehren Reed,1974 Douglass Blvd,Louisville,Kentucky,40205,2016,,placeholder 138,placeholder 132,placeholder 133,LIBA,LIBA,38.22414845000,-85.69448255060
Louisville,38.23214400000,-85.70871820000,Community Outreach,Art Buffet,Studio Works Cyanotype Workshop,Sarah Davis,2008 Eastern Pkwy,Louisville,Kentucky,40205,2015,,placeholder 139,placeholder 133,placeholder 134,,Metro EAF,38.23214400000,-85.70871820000
Louisville,38.25095755000,-85.64586084910,Community Outreach,Open Doors Residencies,Cornerstone Child Care Center - Summer Camp,Ehren Reed,211 Browns Ln,Louisville,Kentucky,40207,2017,,placeholder 140,placeholder 134,placeholder 135,,,38.25095755000,-85.64586084910
Louisville,38.26062600000,-85.78662990000,Community Outreach,LVA 5x5/ TAG,Teacher Art Grant @Western MIddle School for the Arts,,2201 W Main St,Louisville,Kentucky,40212,2015,,placeholder 141,placeholder 135,placeholder 136,,Fund for the Arts,38.26062600000,-85.78662990000
Louisville,38.25635140000,-85.68996223270,Community Outreach,Art Therapy,New Beginnings through Art @ St Joseph Children's Home,Janet Britt and Lori Kelly,2823 Frankfort Ave,Louisville,Kentucky,40206,2017,,placeholder 142,placeholder 136,placeholder 137,,Metro EAF; Cralle; Fund for the Arts,38.25635140000,-85.68996223270
Louisville,38.25635140000,-85.68996223270,Community Outreach,Art Therapy,New Beginnings through Art @ St Joseph Children's Home,Janet Britt and Lori Kelly,2823 Frankfort Ave,Louisville,Kentucky,40206,2016,,placeholder 143,placeholder 137,placeholder 138,,Metro EAF; Cralle; Fund for the Arts,38.25635140000,-85.68996223270
Louisville,38.25635140000,-85.68996223270,Community Outreach,Art Therapy,New Beginnings through Art @ St Joseph Children's Home,Janet Britt and Lori Kelly,2823 Frankfort Ave,Louisville,Kentucky,40206,2015,,placeholder 144,placeholder 138,placeholder 139,,Metro EAF; Cralle; Fund for the Arts,38.25635140000,-85.68996223270
Louisville,38.28037090000,-85.70206080030,Community Outreach,Art Buffet,Buy Local -Summer Camp Showcase,Annette Cable; Jackie Pallesen; Sarah Davis,3005 River Rd,Louisville,Kentucky,40207,2016,,placeholder 145,placeholder 139,placeholder 140,,LVA,38.28037090000,-85.70206080030
Louisville,38.17221530000,-85.76978107310,Community Outreach,LVA 5x5/ TAG,5x5 @ Rutherford Elementary,,301 W Southland Blvd,Louisville,Kentucky,40214,2016,,placeholder 146,placeholder 140,placeholder 141,,Fund for the Arts,38.17221530000,-85.76978107310
Louisville,38.20637595000,-85.67331744090,Community Outreach,Open Doors Residencies,Uspirtus - Tech and Art Summer Camp,Lori Kelly,2127 Goldsmith Lane,Louisville,Kentucky,40218,2017,,placeholder 147,placeholder 141,placeholder 142,3121 Brooklawn Campus Drive,Uspirtus,38.20637595000,-85.67331744090
Louisville,38.24645285000,-85.75747008630,Community Outreach,Art Buffet,Next! FFTA Art Workshop,Jackie Pallesen; Ehren Reed; Sarah Davis,315 W Broadway,Louisville,Kentucky,40202,2016,,placeholder 148,placeholder 142,placeholder 143,Fund for the Arts,Fund for the Arts,38.24645285000,-85.75747008630
Louisville,38.17118350000,-85.70027010000,Community Outreach,LVA 5x5/ TAG,Teacher Art Grant @ Mary Ryan Academy,,3307 E Indian Trail,Louisville,Kentucky,40213,2016,,placeholder 149,placeholder 143,placeholder 144,,Fund for the Arts,38.17118350000,-85.70027010000
Louisville,38.27444390000,-85.80326180000,Community Outreach,LVA 5x5/ TAG,5x5 @ Portland Elementary,,3410 Northwestern Parkway,Louisville,Kentucky,40212,2016,,placeholder 150,placeholder 144,placeholder 145,,Fund for the Arts,38.27444390000,-85.80326180000
Louisville,38.23306315000,-85.81594935800,Community Outreach,School's Out = Art's In,School's Out = Art's In @ Southwick CC- Community Banner,,3621 Southern Ave,Louisville,Kentucky,40211,2015,,placeholder 151,placeholder 145,placeholder 146,,Fund for the Arts,38.23306315000,-85.81594935800
Louisville,38.23306315000,-85.81594935800,Community Outreach,School's Out = Art's In,School's Out = Art's In @ Southwick CC - Mr. Moore Mural,,3621 Southern Ave,Louisville,Kentucky,40211,2016,,placeholder 152,placeholder 146,placeholder 147,,Fund for the Arts,38.23306315000,-85.81594935800
Louisville,38.23306315000,-85.81594935800,Community Outreach,Picture Love,Picture Love @ Southwick CC,,3621 Southern Ave,Louisville,Kentucky,40211,2014,,placeholder 153,placeholder 147,placeholder 148,,Metro Parks,38.23306315000,-85.81594935800
Louisville,38.23306315000,-85.81594935800,Community Outreach,Picture Love,Picture Love @ Southwick CC,,3621 Southern Ave,Louisville,Kentucky,40211,2015,,placeholder 154,placeholder 148,placeholder 149,,Metro Parks,38.23306315000,-85.81594935800
Louisville,38.23306315000,-85.81594935800,Community Outreach,Picture Love,Picture Love @ Southwick CC,,3621 Southern Ave,Louisville,Kentucky,40211,2016,,placeholder 155,placeholder 149,placeholder 150,,Metro Parks,38.23306315000,-85.81594935800
Louisville,38.23306315000,-85.81594935800,Community Outreach,Picture Love,Picture Love @ Southwick CC,,3621 Southern Ave,Louisville,Kentucky,40211,2017,,placeholder 156,placeholder 150,placeholder 151,,Backside Learning Center; UPS,38.23306315000,-85.81594935800
Louisville,38.19094250000,-85.51473182560,Community Outreach,LVA 5x5/ TAG,Teacher Art Grant @ St Michaels,,3703 Stone Lakes Dr,Louisville,Kentucky,40299,2016,,placeholder 157,placeholder 151,placeholder 152,,Fund for the Arts,38.19094250000,-85.51473182560
Louisville,38.12334355000,-85.69392452990,Community Outreach,LVA 5x5/ TAG,5x5 @ Blake Elementary,,3801 Bonaventure Blvd,Louisville,Kentucky,40219,2016,,placeholder 158,placeholder 152,placeholder 153,,Fund for the Arts,38.12334355000,-85.69392452990
Louisville,38.19966365000,-85.76545949900,Community Outreach,Picture Love,Picture Love @ Backside Learning Center & Lousiville Story Program,,3805 Southern Pkwy,Louisville,Kentucky,40214,2017,,placeholder 159,placeholder 153,placeholder 154,,Backside Learning Center; UPS,38.19966365000,-85.76545949900
Louisville,38.19143370000,-85.62714427630,Community Outreach,LVA 5x5/ TAG,5x5 @ Watterson Elementary,,3900 Breckenridge Ln,Louisville,Kentucky,40218,2016,,placeholder 160,placeholder 154,placeholder 155,,Fund for the Arts,38.19143370000,-85.62714427630
Louisville,38.19143370000,-85.62714427630,Community Outreach,LVA 5x5/ TAG,5x5 @ Watterson Elementary,,3900 Breckenridge Ln,Louisville,Kentucky,40218,2015,,placeholder 161,placeholder 155,https://flic.kr/p/BQUbit,,Fund for the Arts,38.19143370000,-85.62714427630
Louisville,38.19689095000,-85.76745430710,Community Outreach,Open Doors Residencies,Mixdowns Monday - Printmaking Workshop,Ehren Reed,3938 Southern Pkwy,Louisville,Kentucky,40214,2016,,placeholder 162,placeholder 156,placeholder 155,,Metro EAF,38.19689095000,-85.76745430710
Louisville,38.26101950000,-85.81525594610,Community Outreach,LVA 5x5/ TAG,Teacher Art Grant @ Shawnee High School,,4001 Herman St,Louisville,Kentucky,40212,2016,,placeholder 163,placeholder 157,placeholder 156,,Fund for the Arts,38.26101950000,-85.81525594610
Louisville,38.23570430000,-85.74818160000,Community Outreach,Open Doors Residencies,St Vincent de Paul - Urban Summer Art Camp - Community Banner,Beth Holiday,421 E St Catherine St,Louisville,Kentucky,40203,2017,,placeholder 164,placeholder 158,placeholder 157,,St Vincent de Paul,38.23570430000,-85.74818160000
Louisville,38.25779605000,-85.82341941920,Community Outreach,LVA 5x5/ TAG,5x5 @ King Elementary,,4325 Vermont Avenue,Louisville,Kentucky,40211,2015,,placeholder 165,placeholder 159,placeholder 158,,Fund for the Arts,38.25779605000,-85.82341941920
Louisville,38.25779605000,-85.82341941920,Community Outreach,LVA 5x5/ TAG,5x5 @ King Elementary,,4325 Vermont Avenue,Louisville,Kentucky,40211,2016,,placeholder 166,placeholder 160,placeholder 159,,Fund for the Arts,38.25779605000,-85.82341941920
Louisville,38.18244065000,-85.86184512890,Community Outreach,LVA 5x5/ TAG,5x5 @ Wellington Elementary,,4800 Kaufman Ln,Louisville,Kentucky,40216,2016,,placeholder 167,placeholder 161,placeholder 160,,Fund for the Arts,38.18244065000,-85.86184512890
Louisville,38.18244065000,-85.86184512890,Community Outreach,LVA 5x5/ TAG,5x5 @ Wellington Elementary,,4800 Kaufman Ln,Louisville,Kentucky,40216,2015,,placeholder 168,placeholder 162,placeholder 161,,Fund for the Arts,38.18244065000,-85.86184512890
Louisville,38.17699220000,-85.66596177680,Community Outreach,LVA 5x5/ TAG,5x5 @ Price Elementary,,5001 Garden Green Way,Louisville,Kentucky,40218,2015,,placeholder 169,placeholder 163,placeholder 162,,Fund for the Arts,38.17699220000,-85.66596177680
Louisville,38.25741280000,-85.75898500000,Community Outreach,Art Buffet,I Am Ali,Jackie Pallesen; Ehren Reed; Amy Chase,501 W Main St,Louisville,Kentucky,40202,2017,,placeholder 170,placeholder 164,placeholder 163,,Metro EAF,38.25741280000,-85.75898500000
Louisville,38.14177140000,-85.66652550000,Community Outreach,LVA 5x5/ TAG,5x5 @ Hartstern Elementary,,5200 Morningside Way,Louisville,Kentucky,40219,2016,,placeholder 171,placeholder 165,placeholder 164,,Fund for the Arts,38.14177140000,-85.66652550000
Louisville,38.14177140000,-85.66652550000,Community Outreach,LVA 5x5/ TAG,5x5 @ Hartstern Elementary,,5200 Morningside Way,Louisville,Kentucky,40219,2015,,placeholder 172,placeholder 166,placeholder 165,,Fund for the Arts,38.14177140000,-85.66652550000
Louisville,38.13751180000,-85.85504734390,Community Outreach,LVA 5x5/ TAG,5x5 @ Eisenhower Elementary,,5300 Jessamine Ln,Louisville,Kentucky,40258,2015,,placeholder 173,placeholder 167,placeholder 166,,Fund for the Arts,38.13751180000,-85.85504734390
Louisville,38.23354950000,-85.74554720220,Community Outreach,School's Out = Art's In,School's Out = Art's In @ Shelby Park CC- Community Banner,,600 E Oak St,Louisville,Kentucky,40203,2015,,placeholder 174,placeholder 168,placeholder 167,,Fund for the Arts,38.23354950000,-85.74554720220
Louisville,38.23354950000,-85.74554720220,Community Outreach,School's Out = Art's In,School's Out = Art's In @ Shelby Park CC- Community Banner,,600 E Oak St,Louisville,Kentucky,40203,2017,,placeholder 175,placeholder 169,placeholder 168,,Fund for the Arts,38.23354950000,-85.74554720220
Louisville,38.25403825000,-85.81309366230,Community Outreach,School's Out = Art's In,School's Out = Art's In @ Shawnee CC- Outdoor Beautification,,607 S 37th St,Louisville,Kentucky,40211,2016,,placeholder 176,placeholder 170,placeholder 169,,Fund for the Arts,38.25403825000,-85.81309366230
Louisville,38.25403825000,-85.81309366230,Community Outreach,School's Out = Art's In,School's Out = Art's In @ Shawnee CC - Creature Feature,,607 S 37th St,Louisville,Kentucky,40211,2017,,placeholder 177,placeholder 171,placeholder 170,,Fund for the Arts,38.25403825000,-85.81309366230
Louisville,38.25403825000,-85.81309366230,Community Outreach,Studio 2000,Studio 2000 @ Shawnee CC w/ Metro Parks,Ehren Reed; JD Shaw; Sunny Ra,607 S 37th St,Louisville,Kentucky,40211,2016,,placeholder 178,placeholder 172,placeholder 171,,Metro Parks,38.25403825000,-85.81309366230
Louisville,38.25403825000,-85.81309366230,Community Outreach,Studio 2000,Studio 2000 @ Shawnee CC w/ Metro Parks,Ehren Reed; JD Shaw; Simon,607 S 37th St,Louisville,Kentucky,40211,2017,,placeholder 179,placeholder 173,placeholder 172,,Metro Parks,38.25403825000,-85.81309366230
Louisville,38.24856060000,-85.75814610000,Community Outreach,Community Support,Center for Neighborhoods - PAINT Mural - Hikes Point,Sarah Davis,610 S 4th St,Louisville,Kentucky,40202,2016,,placeholder 180,placeholder 174,placeholder 173,,LVA,38.24856060000,-85.75814610000
Louisville,38.25720820000,-85.76048160000,Community Outreach,Art Buffet,Mandala Community Mural @ Resurfaced,Jackie Pallesen; Ehren Reed; Sarah Davis,615 W. Main St.,Louisville,Kentucky,40202,2015,,placeholder 181,placeholder 175,placeholder 174,,Metro EAF,38.25720820000,-85.76048160000
Louisville,38.27358500000,-85.79120753720,Community Outreach,School's Out = Art's In,School's Out = Art's In @ Portland CC- Creature Feature,,640 N 27th St,Louisville,Kentucky,40212,2017,,placeholder 182,placeholder 176,placeholder 175,,Fund for the Arts,38.27358500000,-85.79120753720
Louisville,38.27358500000,-85.79120753720,Community Outreach,Picture Love,Picture Love @ Portland CC,,640 N 27th St,Louisville,Kentucky,40212,2015,,placeholder 183,placeholder 177,placeholder 176,,Metro Parks,38.27358500000,-85.79120753720
Valley Station,38.10213790000,-85.88642338610,Community Outreach,School's Out = Art's In,School's Out = Art's In @ Sun Valley CC- Community Banner,,6505 Bethany Ln,Valley Station,Kentucky,40272,2017,,placeholder 184,placeholder 178,placeholder 177,,Fund for the Arts,38.10213790000,-85.88642338610
Simpsonville,38.22176217170,-85.34520788890,Community Outreach,LVA 5x5/ TAG,Teacher Art Grant @ Simpsonville Elementary School,,6725 Shelbyville Rd,Simpsonville,Kentucky,40067,2015,,placeholder 185,placeholder 179,placeholder 178,,Fund for the Arts,38.22176217170,-85.34520788890
Simpsonville,38.22176217170,-85.34520788890,Community Outreach,LVA 5x5/ TAG,Teacher Art Grant @ Simpsonville Elementary,,6725 Shelbyville Rd,Simpsonville,Kentucky,40067,2016,,placeholder 186,placeholder 180,placeholder 179,,Fund for the Arts,38.22176217170,-85.34520788890
Louisville,38.25682920000,-85.76185159450,Community Outreach,Art Buffet,Maker Faire - Summer Camp Showcase,Annette Cable & Jackie Pallesen,700 W. Main St,Louisville,Kentucky,40202,2016,,placeholder 187,placeholder 181,placeholder 180,,LVA,38.25682920000,-85.76185159450
Louisville,38.25299330000,-85.73873290000,Community Outreach,The Future is Now,The Future is Now w/ The Green Building Gallery,,732 E Market St,Louisville,Kentucky,40202,2016,,placeholder 188,placeholder 182,placeholder 181,,Metro Parks,38.25299330000,-85.73873290000
Louisville,38.27553620000,-85.59976332880,Community Outreach,LVA 5x5/ TAG,TAG @ Westport Middle,,8100 Westport Rd,Louisville,Kentucky,40222,2015,,placeholder 189,placeholder 183,placeholder 182,,Fund for the Arts,38.27553620000,-85.59976332880
Louisville,38.24240000000,-85.75685940000,Community Outreach,The Future is Now,The Future is Now w/ KyCAD,,845 S 3rd St,Louisville,Kentucky,40203,2017,,placeholder 190,placeholder 184,placeholder 183,,KyCad; Brackets for Good,38.24240000000,-85.75685940000
Crestwood,38.34609700000,-85.49128390000,Community Outreach,Art Buffet,Maryhurst @ Foxhollow Farm  - Cyanotypes Workshop,Sarah Davis & Jackie Pallesen,8905 KY-329,Crestwood,Kentucky,40014,2015,,Maryhurst cyanotype project,placeholder 185,placeholder 184,Foxhollow Farm; Maryhurst,Metro EAF,38.34609700000,-85.49128390000
Crestwood,38.34609700000,-85.49128390000,Community Outreach,Art Buffet,Foxhollow Farm Fall Festival,,8905 KY-329,Crestwood,Kentucky,40014,2015,,placeholder 190,placeholder 186,placeholder 185,Foxhollow Farm,Metro EAF,38.34609700000,-85.49128390000
Louisville,38.24975700000,-85.76743860000,Community Outreach,Open Doors Residencies,Playground/Art Workshops @ Chestnut St. YMCA,Ehren Reed,930 W Chestnut St,Louisville,Kentucky,40203,2016,,placeholder 191,placeholder 187,placeholder 186,YMCA,YMCA; Metro EAF,38.24975700000,-85.76743860000
Louisville,38.26244200000,-85.57681182070,Community Outreach,Art Buffet,FFTA - Painting,Meredith Cunningham,9510 Ormsby Station Road,Louisville,Kentucky,40223,2016,,placeholder 192,placeholder 188,placeholder 187,,Fund for the Arts,38.26244200000,-85.57681182070
Louisville,38.19869700000,-85.58161550000,Community Outreach,LVA 5x5/ TAG,Teacher Art Grant @ Jeffersontown High School,,9600 Old Six Mile Ln,Louisville,Kentucky,40299,2015,,placeholder 193,placeholder 189,placeholder 188,,Fund for the Arts,38.19869700000,-85.58161550000
Louisville,38.19869700000,-85.58161550000,Community Outreach,LVA 5x5/ TAG,Teacher Art Grant @ Jeffersontown High School,,9600 Old Six Mile Ln,Louisville,Kentucky,40299,2016,,placeholder 194,placeholder 190,placeholder 189,,Fund for the Arts,38.19869700000,-85.58161550000
Louisville,38.10519610000,-85.69131676010,Community Outreach,LVA 5x5/ TAG,Teacher Art Grant @ Knight Middle School,,9803 Blue Lick Rd,Louisville,Kentucky,40229,2015,,placeholder 195,placeholder 191,placeholder 190,,Fund for the Arts,38.10519610000,-85.69131676010
Louisville,38.10519610000,-85.69131676010,Community Outreach,LVA 5x5/ TAG,Teacher Art Grant @ Knight Middle School,,9803 Blue Lick Rd,Louisville,Kentucky,40229,2016,,placeholder 196,placeholder 192,placeholder 191,,Fund for the Arts,38.10519610000,-85.69131676010
Louisville,38.25871100000,-85.76627690000,Community Outreach,Art Buffet,Mercer Mural @ Resurfaced,Joen Pallesen,N 10th St,Louisville,Kentucky,40202,2016,,placeholder 197,placeholder 193,placeholder 192,Fund for the Arts,Fund for the Arts,38.25871100000,-85.76627690000
Louisville,38.24570850000,-85.52133030000,Artist Support,M.A.P (Mural Art Program),Middletown Kroger Mural,Carrie,12501 Shelbyville Rd,Louisville,Kentucky,,2016,1,placeholder,placeholder 194,http://www.louisvillevisualart.org/kroger,,,38.24570850000,-85.52133030000
Louisville,38.22597520000,-85.72999100000,Artist Support,M.A.P (Mural Art Program),Goss Kroger Mural,Josh Jenkins,1265 Goss Ave,Louisville,Kentucky,,2016,1,placeholder,placeholder 195,http://www.louisvillevisualart.org/kroger,,,38.22597520000,-85.72999100000
Louisville,38.25807060000,-85.70440900000,Artist Support,M.A.P (Mural Art Program),Clifton Kroger Mural,Noah Church and Annette Cable,2200 Brownsboro Rd,Louisville,Kentucky,,2016,1,placeholder,placeholder 196,http://www.louisvillevisualart.org/kroger,,,38.25807060000,-85.70440900000
Louisville,38.22309200000,-85.68731991720,Artist Support,M.A.P (Mural Art Program),Highlands Kroger Mural,Claire Hirn,2440 Bardstown Rd,Louisville,Kentucky,,2016,1,placeholder,placeholder 197,http://www.louisvillevisualart.org/kroger,,,38.22309200000,-85.68731991720
Elizabethtown,37.71421184260,-85.83733053510,Artist Support,M.A.P (Mural Art Program),Elizabethtown Kroger Mural,Annette Cable,3040 Dolphin Dr,Elizabethtown,Kentucky,42701,2016,1,placeholder,placeholder 198,http://www.louisvillevisualart.org/kroger,,,37.71421184260,-85.83733053510
Clarksville,38.31815300000,-85.75463890000,Artist Support,M.A.P (Mural Art Program),Clarksville Kroger Mural,Ashley Brossart,305 E Lewis And Clark Pkwy,Clarksville,Indiana,47129,2016,1,placeholder,placeholder 199,http://www.louisvillevisualart.org/kroger,,,38.31815300000,-85.75463890000
Louisville,38.26595990000,-85.66660870000,Artist Support,Artists Placement Program,Sotherby's,Ashely Brossart,3803 Brownsboro Rd,Louisville,Kentucky,40207,2016,,placeholder,placeholder 200,,,,38.26595990000,-85.66660870000
Louisville,38.16205790000,-85.83407820000,Artist Support,M.A.P (Mural Art Program),Dixie Highway Kroger Mural,,5244 Dixie Hwy,Louisville,Kentucky,40216,2016,1,placeholder,placeholder 201,http://www.louisvillevisualart.org/kroger,,,38.16205790000,-85.83407820000
Louisville,38.33999630000,-85.62163340000,Artist Support,M.A.P (Mural Art Program),Prospect Kroger Mural,Ashley Brossart,5929 Timber Ridge Dr,Louisville,Kentucky,,2016,1,placeholder,placeholder 202,http://www.louisvillevisualart.org/kroger,,,38.33999630000,-85.62163340000
Louisville,38.30537290000,-85.57520917250,Artist Support,M.A.P (Mural Art Program),Springhurst Kroger Mural,Claire Hirn,9440 Brownsboro Rd,Louisville,Kentucky,,2016,1,placeholder,placeholder 203,http://www.louisvillevisualart.org/kroger,,,38.30537290000,-85.57520917250
Louisville,38.28840220000,-85.57463923970,Artist Support,M.A.P (Mural Art Program),Westport Kroger Mural,Tracy Pennington,9501 Westport Rd,Louisville,Kentucky,,2016,1,placeholder,placeholder 204,http://www.louisvillevisualart.org/kroger,,,38.28840220000,-85.57463923970
